OldHostname,CiscoModel,NewHostname,HuaweiModel,HuaweiShort,PortCount,PoE,Role
STRADM-SWCO-MAIN-3850,WS-C3850-24T-E,STRADM-SWCO-MAIN-5755H24T,CloudEngine S5755-H24T4Y2CZ,S5755-H24T,24,No,Core
ADM-SWDI-MAIN2-2960,WS-C2960-24TC-L,ADM-SWDI-MAIN2-5735S24T,CloudEngine S5735-S24T4XE-V2,S5735-S24T,24,No,Access
ADM-SWDI-BACKUP2-2960,WS-C2960-24TC-L,ADM-SWDI-BACKUP2-5735S24T,CloudEngine S5735-S24T4XE-V2,S5735-S24T,24,No,Access
ADM-SWAC-OT-2960G,WS-C2960G-24TC-L,ADM-SWAC-OT-5735S24T,CloudEngine S5735-S24T4XE-V2,S5735-S24T,24,No,Access
CCY-SWAC-PABXG2-2540,HP Aruba JL357A 2540 24G PoE,CCY-SWAC-PABXG2-5735S24P,CloudEngine S5735-S24P4XE-V2,S5735-S24P,24,Yes,Access
GTOPAS-MKS-SWCODI-C3650,WS-C3650-24TS-S,GTOPAS-MKS-SWCODI-5755H24T,CloudEngine S5755-H24T4Y2CZ,S5755-H24T,24,No,Core
GTOPAS-MND-SWCODI-C3650,WS-C3650-24TS-S,GTOPAS-MND-SWCODI-5755H24T,CloudEngine S5755-H24T4Y2CZ,S5755-H24T,24,No,Core
GTOPAS-PKU-SWCO-C3650,WS-C3650-24TS-S,GTOPAS-PKU-SWCO-5755H24T,CloudEngine S5755-H24T4Y2CZ,S5755-H24T,24,No,Core
GTOPAS-PKU-SWDI-C-C2960,Cisco Catalyst 2960-Plus 24PC-L,GTOPAS-PKU-SWDI-C-5735S24P,CloudEngine S5735-S24P4XE-V2,S5735-S24P,24,Yes,Access
GTOPAS-SMG-SWCO-C3650,WS-C3650-24TS-S,GTOPAS-SMG-SWCO-5755H24T,CloudEngine S5755-H24T4Y2CZ,S5755-H24T,24,No,Core
DRC-SWAC-SVRFARM,WS-C3560CX-8TC-S,DRC-SWAC-SVRFARM-5735S24T,CloudEngine S5735-S24T4XE-V2,S5735-S24T,24,No,Access
HO-SWCODI-OT-C3560X,WS-C3560X-24T-L,HO-SWCODI-OT-5755H24T,CloudEngine S5755-H24T4Y2CZ,S5755-H24T,24,No,Core
HO-SWAC-OT-LT4-C2960X,WS-C2960X-24TS-L,HO-SWAC-OT-LT4-5735S24T,CloudEngine S5735-S24T4XE-V2,S5735-S24T,24,No,Access
HO-SWAC-INT-C2960X,WS-C2960X-24TS-L,HO-SWAC-INT-5735S24T,CloudEngine S5735-S24T4XE-V2,S5735-S24T,24,No,Access
KRWT-SWAC-OT-2960,WS-C2960X-24TS-L,KRWT-SWAC-OT-5735S24T,CloudEngine S5735-S24T4XE-V2,S5735-S24T,24,No,Access
LXS-SWCODI-OT-C3750,WS-C3750G-24T-E,LXS-SWCODI-OT-5755H24T,CloudEngine S5755-H24T4Y2CZ,S5755-H24T,24,No,Core
LXS-SWAC-ISP02-C2960,WS-C2960CX-24TC-L,LXS-SWAC-ISP02-5735S24T,CloudEngine S5735-S24T4XE-V2,S5735-S24T,24,No,Access
LXS-SWAC-ISP01-C2960,WS-C2960CX-24TC-L,LXS-SWAC-ISP01-5735S24T,CloudEngine S5735-S24T4XE-V2,S5735-S24T,24,No,Access
LXS-SWAC-OT-C2960X,WS-C2960X-24TS-L,LXS-SWAC-OT-5735S24T,CloudEngine S5735-S24T4XE-V2,S5735-S24T,24,No,Access
NGORO-SWAC-OT-2960,Cisco Catalyst 2960-Plus 24PC-L,NGORO-SWAC-OT-5735S24P,CloudEngine S5735-S24P4XE-V2,S5735-S24P,24,Yes,Access
NGORO-SWAC-ISP-02-C2960,WS-C2960X-24TS-L,NGORO-SWAC-ISP-02-5735S24T,CloudEngine S5735-S24T4XE-V2,S5735-S24T,24,No,Access
NVDC-SWCODI-OT-3650,WS-C3560G-24TS-E,NVDC-SWCODI-OT-5755H24T,CloudEngine S5755-H24T4Y2CZ,S5755-H24T,24,No,Core
NVDC-SWAC-OT-2960,WS-C2960+24PC-L,NVDC-SWAC-OT-5735S24T,CloudEngine S5735-S24T4XE-V2,S5735-S24T,24,No,Access
PDC-GILI-SWAC-01-2960,WS-C2960+24TC-L,PDC-GILI-SWAC-01-5735S24T,CloudEngine S5735-S24T4XE-V2,S5735-S24T,24,No,Access
PDC-GILI-SWAC-03-2960,WS-C2960+24TC-L,PDC-GILI-SWAC-03-5735S24T,CloudEngine S5735-S24T4XE-V2,S5735-S24T,24,No,Access
PDC-DAYA-SWAC-01-2960,WS-C2960+24TC-L,PDC-DAYA-SWAC-01-5735S24T,CloudEngine S5735-S24T4XE-V2,S5735-S24T,24,No,Access
PDC-DAYA-SWAC-03-2960,WS-C2960+24TC-L,PDC-DAYA-SWAC-03-5735S24T,CloudEngine S5735-S24T4XE-V2,S5735-S24T,24,No,Access
PDC-DAYA-SWAC-05-2960,WS-C2960X-24TS-L,PDC-DAYA-SWAC-05-5735S24T,CloudEngine S5735-S24T4XE-V2,S5735-S24T,24,No,Access
PDC-DAYA-SWAC-06-2960,WS-C2960X-24TS-L,PDC-DAYA-SWAC-06-5735S24T,CloudEngine S5735-S24T4XE-V2,S5735-S24T,24,No,Access
SPLD-SWCO-OT,WS-C3650-24TS-E,SPLD-SWCO-OT-5755H24T,CloudEngine S5755-H24T4Y2CZ,S5755-H24T,24,No,Core
SPLD-SWAC-OT-01,Cisco Catalyst WS-C2960C-8TC-S,SPLD-SWAC-OT-01-5735L8T,CloudEngine S5735-L8T4X-QA-V2,S5735-L8T,8,No,Access
SPLD-SWAC-SH-2960,Cisco Catalyst 9200L,SPLD-SWDI-SH-5735S24T,CloudEngine S5735-S24T4XE-V2,S5735-S24T,24,No,Access
STR2-SWDI-MN-2960-DORM,WS-C2960-24TC-L,STR2-SWDI-MN-DORM-5735S24T,CloudEngine S5735-S24T4XE-V2,S5735-S24T,24,No,Access
STR2-SWAC-1-2960-DORM,WS-C2960S-24PS-L,STR2-SWAC-1-DORM-5735S24T,CloudEngine S5735-S24T4XE-V2,S5735-S24T,24,Yes,Access
STR2-SWDI-2-2960-DOKD,WS-C2960X-24PS-L,STR2-SWDI-2-DOKD-5735S24P,CloudEngine S5735-S24P4XE-V2,S5735-S24P,24,Yes,Access
STR2-SWDI-2-2960-HRGA,WS-C2960X-24PS-L,STR2-SWDI-2-HRGA-5735S24P,CloudEngine S5735-S24P4XE-V2,S5735-S24P,24,Yes,Access
STR2-SWDI-1-2960-HRGA,WS-C2960X-24PS-L,STR2-SWDI-1-HRGA-5735S24P,CloudEngine S5735-S24P4XE-V2,S5735-S24P,24,Yes,Access
STR2-SWAC-OT-TASTI,WS-C2960X-24TS-L,STR2-SWAC-OT-TASTI-5735S24T,CloudEngine S5735-S24T4XE-V2,S5735-S24T,24,No,Access
STR3-SWAC-OT-2960X,WS-C2960X-24TS-L,STR3-SWAC-OT-5735S24T,CloudEngine S5735-S24T4XE-V2,S5735-S24T,24,No,Access
TTC-SWCO-BU-N9108-DMZ,N9K-C93108TC-EX-24,TTC-SWCO-BU-DMZ-5755H48M,CloudEngine S5755-H48UM4Y2CZ,S5755-H48UM,48,No,Core
TTC-SWCO-MN-N9108-DMZ,N9K-C93108TC-EX-24,TTC-SWCO-MN-DMZ-5755H48M,CloudEngine S5755-H48UM4Y2CZ,S5755-H48UM,48,No,Core
TTC-SWCO-PABXGA-3650,WS-C3650-24TS-S,TTC-SWCO-PABXGA-5755H24T,CloudEngine S5755-H24T4Y2CZ,S5755-H24T,24,No,Core
TTC-SWAC-PABXGA1-2540,HP Aruba JL357A 2540 24G PoE,TTC-SWAC-PABXGA1-5735S24P,CloudEngine S5735-S24P4XE-V2,S5735-S24P,24,Yes,Access
TTC-SWAC-PABXGA3-2540,HP Aruba JL357A 2540 24G PoE,TTC-SWAC-PABXGA3-5735S24P,CloudEngine S5735-S24P4XE-V2,S5735-S24P,24,Yes,Access
TTC-SWAC-LAN-2960,WS-C2960-48TC-L,TTC-SWAC-LAN-5735S48T,CloudEngine S5735-S48T4XE-V2,S5735-S48T,48,No,Access
TTC-SWDI-C-3560,WS-C3560X-24P-S,TTC-SWDI-C-5735S24P,CloudEngine S5735-S24P4XE-V2,S5735-S24P,24,Yes,Distribution
TTC-SWAC-SDWAN-TGN01,WS-C2960X-24TS-L,TTC-SWAC-SDWAN-TGN01-5735S24T,CloudEngine S5735-S24T4XE-V2,S5735-S24T,24,No,Access
TTC-SWAC-SDWAN-TGN02,WS-C2960X-24TS-L,TTC-SWAC-SDWAN-TGN02-5735S24T,CloudEngine S5735-S24T4XE-V2,S5735-S24T,24,No,Access